,county,school_dist,school_dist_code,students_with_disabilities_final_grad_base,students_with_disabilities_graduates_total,students_with_disabilities_graduation_rate,students_with_disabilities_completers_total,students_with_disabilities_completion_rate,limited_english_proficient_final_grad_base,limited_english_proficient_graduates_total,limited_english_proficient_graduation_rate,limited_english_proficient_completers_total,limited_english_proficient_completion_rate,econ_disadvant_final_grad_base,econ_disadvant_graduates_total,econ_disadvant_graduation_rate,econ_disadvant_completers_total,econ_disadvant_completion_rate,migrant_final_grad_base,migrant_graduates_total,migrant_graduation_rate,migrant_completers_total,migrant_completion_rate,title_1_final_grad_base,title_1_graduates_total,title_1_graduation_rate,title_1_completers_total,title_1_completion_rate,homeless_final_grad_base,homeless_graduates_total,homeless_graduation_rate,homeless_completers_total,homeless_completion_rate,gifted_talented_final_grad_base,gifted_talented_graduates_total,gifted_talented_graduation_rate,gifted_talented_completers_total,gifted_talented_completion_rate
0,STATE TOTAL,STATE TOTAL,9999.0,5775.0,3099.0,53.7,3222.0,55.8,6171.0,3289.0,53.3,3364.0,54.5,25718.0,15791.0,61.4,16726.0,65.0,384.0,214.0,55.7,223.0,58.1,7398.0,3853.0,52.1,4129.0,55.8,2394.0,1175.0,49.1,1262.0,52.7,6604.0,6048.0,91.6,6156.0,93.2
1,STATE TOTAL,STATE TOTAL,9999.0,5775.0,3099.0,53.7,3222.0,55.8,6171.0,3289.0,53.3,3364.0,54.5,25718.0,15791.0,61.4,16726.0,65.0,384.0,214.0,55.7,223.0,58.1,7398.0,3853.0,52.1,4129.0,55.8,2394.0,1175.0,49.1,1262.0,52.7,6604.0,6048.0,91.6,6156.0,93.2
2,ADAMS,MAPLETON 1,10.0,49.0,18.0,36.7,19.0,38.8,219.0,73.0,33.3,76.0,34.7,374.0,142.0,38.0,154.0,41.2,8.0,5.0,62.5,5.0,62.5,218.0,118.0,54.1,124.0,56.9,41.0,12.0,29.3,16.0,39.0,44.0,27.0,61.4,27.0,61.4
3,ADAMS,ADAMS 12 FIVE STAR SCHOOLS,20.0,250.0,118.0,47.2,127.0,50.8,379.0,257.0,67.8,261.0,68.9,1100.0,627.0,57.0,673.0,61.2,25.0,12.0,48.0,12.0,48.0,224.0,80.0,35.7,98.0,43.8,106.0,62.0,58.5,65.0,61.3,227.0,201.0,88.5,208.0,91.6
4,ADAMS,ADAMS COUNTY 14,30.0,59.0,32.0,54.2,32.0,54.2,170.0,86.0,50.6,88.0,51.8,469.0,309.0,65.9,316.0,67.4,13.0,4.0,30.8,4.0,30.8,419.0,296.0,70.6,301.0,71.8,99.0,52.0,52.5,57.0,57.6,30.0,27.0,90.0,27.0,90.0
5,ADAMS,BRIGHTON 27J,40.0,66.0,33.0,50.0,35.0,53.0,110.0,63.0,57.3,66.0,60.0,338.0,215.0,63.6,229.0,67.8,10.0,5.0,50.0,6.0,60.0,18.0,10.0,55.6,10.0,55.6,41.0,21.0,51.2,21.0,51.2,63.0,51.0,81.0,52.0,82.5
6,ADAMS,BENNETT 29J,50.0,6.0,3.0,50.0,3.0,50.0,3.0,2.0,66.7,2.0,66.7,21.0,17.0,81.0,17.0,81.0,0.0,0.0,0.0,0.0,0.0,3.0,1.0,33.3,1.0,33.3,0.0,0.0,0.0,0.0,0.0,13.0,13.0,100.0,13.0,100.0
7,ADAMS,STRASBURG 31J,60.0,14.0,12.0,85.7,12.0,85.7,5.0,3.0,60.0,3.0,60.0,45.0,36.0,80.0,36.0,80.0,0.0,0.0,0.0,0.0,0.0,3.0,3.0,100.0,3.0,100.0,0.0,0.0,0.0,0.0,0.0,5.0,4.0,80.0,4.0,80.0
8,ADAMS,WESTMINSTER 50,70.0,65.0,26.0,40.0,27.0,41.5,238.0,147.0,61.8,147.0,61.8,452.0,270.0,59.7,278.0,61.5,7.0,6.0,85.7,6.0,85.7,50.0,21.0,42.0,22.0,44.0,73.0,43.0,58.9,45.0,61.6,20.0,14.0,70.0,14.0,70.0
9,ALAMOSA,ALAMOSA RE-11J,100.0,14.0,12.0,85.7,13.0,92.9,26.0,19.0,73.1,19.0,73.1,118.0,79.0,66.9,82.0,69.5,11.0,4.0,36.4,4.0,36.4,5.0,1.0,20.0,1.0,20.0,6.0,6.0,100.0,6.0,100.0,0.0,0.0,0.0,0.0,0.0
10,ALAMOSA,SANGRE DE CRISTO RE-22J,110.0,1.0,1.0,100.0,1.0,100.0,0.0,0.0,0.0,0.0,0.0,12.0,9.0,75.0,10.0,83.3,0.0,0.0,0.0,0.0,0.0,23.0,21.0,91.3,22.0,95.7,0.0,0.0,0.0,0.0,0.0,0.0,0.0,0.0,0.0,0.0
11,ARAPAHOE,ENGLEWOOD 1,120.0,52.0,21.0,40.4,21.0,40.4,8.0,4.0,50.0,4.0,50.0,191.0,76.0,39.8,85.0,44.5,0.0,0.0,0.0,0.0,0.0,50.0,13.0,26.0,15.0,30.0,30.0,9.0,30.0,12.0,40.0,22.0,11.0,50.0,12.0,54.5
12,ARAPAHOE,SHERIDAN 2,123.0,18.0,6.0,33.3,6.0,33.3,51.0,11.0,21.6,11.0,21.6,131.0,41.0,31.3,43.0,32.8,2.0,0.0,0.0,0.0,0.0,140.0,46.0,32.9,48.0,34.3,29.0,9.0,31.0,10.0,34.5,14.0,6.0,42.9,7.0,50.0
13,ARAPAHOE,CHERRY CREEK 5,130.0,412.0,264.0,64.1,270.0,65.5,219.0,176.0,80.4,177.0,80.8,1100.0,894.0,81.3,915.0,83.2,1.0,1.0,100.0,1.0,100.0,67.0,53.0,79.1,56.0,83.6,16.0,12.0,75.0,12.0,75.0,343.0,328.0,95.6,330.0,96.2
14,ARAPAHOE,LITTLETON 6,140.0,116.0,76.0,65.5,77.0,66.4,56.0,35.0,62.5,36.0,64.3,247.0,181.0,73.3,190.0,76.9,2.0,2.0,100.0,2.0,100.0,18.0,13.0,72.2,14.0,77.8,19.0,10.0,52.6,12.0,63.2,320.0,316.0,98.8,317.0,99.1
15,ARAPAHOE,DEER TRAIL 26J,170.0,4.0,3.0,75.0,3.0,75.0,0.0,0.0,0.0,0.0,0.0,11.0,10.0,90.9,10.0,90.9,0.0,0.0,0.0,0.0,0.0,0.0,0.0,0.0,0.0,0.0,0.0,0.0,0.0,0.0,0.0,0.0,0.0,0.0,0.0,0.0
16,ARAPAHOE,ADAMS-ARAPAHOE 28J,180.0,269.0,75.0,27.9,75.0,27.9,1039.0,303.0,29.2,306.0,29.5,2004.0,901.0,45.0,931.0,46.5,15.0,5.0,33.3,6.0,40.0,212.0,76.0,35.8,79.0,37.3,148.0,55.0,37.2,55.0,37.2,209.0,158.0,75.6,161.0,77.0
17,ARAPAHOE,BYERS 32J,190.0,3.0,3.0,100.0,3.0,100.0,0.0,0.0,0.0,0.0,0.0,10.0,10.0,100.0,10.0,100.0,0.0,0.0,0.0,0.0,0.0,1.0,1.0,100.0,1.0,100.0,1.0,1.0,100.0,1.0,100.0,1.0,1.0,100.0,1.0,100.0
18,ARCHULETA,ARCHULETA COUNTY 50 JT,220.0,11.0,5.0,45.5,5.0,45.5,0.0,0.0,0.0,0.0,0.0,59.0,38.0,64.4,40.0,67.8,0.0,0.0,0.0,0.0,0.0,0.0,0.0,0.0,0.0,0.0,5.0,1.0,20.0,1.0,20.0,12.0,10.0,83.3,11.0,91.7
19,BACA,WALSH RE-1,230.0,0.0,0.0,0.0,0.0,0.0,0.0,0.0,0.0,0.0,0.0,7.0,7.0,100.0,7.0,100.0,0.0,0.0,0.0,0.0,0.0,0.0,0.0,0.0,0.0,0.0,0.0,0.0,0.0,0.0,0.0,1.0,1.0,100.0,1.0,100.0
20,BACA,PRITCHETT RE-3,240.0,0.0,0.0,0.0,0.0,0.0,0.0,0.0,0.0,0.0,0.0,4.0,3.0,75.0,4.0,100.0,0.0,0.0,0.0,0.0,0.0,6.0,5.0,83.3,6.0,100.0,0.0,0.0,0.0,0.0,0.0,2.0,2.0,100.0,2.0,100.0
21,BACA,SPRINGFIELD RE-4,250.0,1.0,1.0,100.0,1.0,100.0,1.0,1.0,100.0,1.0,100.0,15.0,13.0,86.7,14.0,93.3,0.0,0.0,0.0,0.0,0.0,22.0,20.0,90.9,21.0,95.5,0.0,0.0,0.0,0.0,0.0,1.0,1.0,100.0,1.0,100.0
22,BACA,VILAS RE-5,260.0,7.0,3.0,42.9,3.0,42.9,1.0,1.0,100.0,1.0,100.0,53.0,10.0,18.9,18.0,34.0,1.0,0.0,0.0,0.0,0.0,9.0,2.0,22.2,3.0,33.3,0.0,0.0,0.0,0.0,0.0,1.0,1.0,100.0,1.0,100.0
23,BACA,CAMPO RE-6,270.0,1.0,1.0,100.0,1.0,100.0,0.0,0.0,0.0,0.0,0.0,3.0,3.0,100.0,3.0,100.0,0.0,0.0,0.0,0.0,0.0,1.0,1.0,100.0,1.0,100.0,0.0,0.0,0.0,0.0,0.0,1.0,1.0,100.0,1.0,100.0
24,BENT,LAS ANIMAS RE-1,290.0,10.0,5.0,50.0,5.0,50.0,0.0,0.0,0.0,0.0,0.0,25.0,18.0,72.0,18.0,72.0,0.0,0.0,0.0,0.0,0.0,15.0,11.0,73.3,11.0,73.3,0.0,0.0,0.0,0.0,0.0,3.0,3.0,100.0,3.0,100.0
25,BENT,MC CLAVE RE-2,310.0,1.0,1.0,100.0,1.0,100.0,2.0,2.0,100.0,2.0,100.0,14.0,13.0,92.9,13.0,92.9,1.0,1.0,100.0,1.0,100.0,2.0,2.0,100.0,2.0,100.0,0.0,0.0,0.0,0.0,0.0,3.0,3.0,100.0,3.0,100.0
26,BOULDER,ST VRAIN VALLEY RE 1J,470.0,118.0,61.0,51.7,63.0,53.4,171.0,110.0,64.3,112.0,65.5,587.0,403.0,68.7,412.0,70.2,10.0,7.0,70.0,7.0,70.0,5.0,1.0,20.0,1.0,20.0,87.0,54.0,62.1,56.0,64.4,171.0,170.0,99.4,170.0,99.4
27,BOULDER,BOULDER VALLEY RE 2,480.0,230.0,160.0,69.6,163.0,70.9,140.0,99.0,70.7,101.0,72.1,508.0,374.0,73.6,387.0,76.2,5.0,4.0,80.0,4.0,80.0,10.0,5.0,50.0,6.0,60.0,133.0,85.0,63.9,86.0,64.7,362.0,343.0,94.8,352.0,97.2
28,CHAFFEE,BUENA VISTA R-31,490.0,8.0,6.0,75.0,7.0,87.5,0.0,0.0,0.0,0.0,0.0,34.0,26.0,76.5,27.0,79.4,0.0,0.0,0.0,0.0,0.0,4.0,3.0,75.0,3.0,75.0,1.0,0.0,0.0,0.0,0.0,6.0,6.0,100.0,6.0,100.0
29,CHAFFEE,SALIDA R-32,500.0,9.0,6.0,66.7,6.0,66.7,5.0,5.0,100.0,5.0,100.0,25.0,19.0,76.0,19.0,76.0,0.0,0.0,0.0,0.0,0.0,69.0,61.0,88.4,62.0,89.9,2.0,1.0,50.0,1.0,50.0,11.0,11.0,100.0,11.0,100.0
30,CHEYENNE,KIT CARSON R-1,510.0,1.0,0.0,0.0,0.0,0.0,0.0,0.0,0.0,0.0,0.0,3.0,2.0,66.7,2.0,66.7,0.0,0.0,0.0,0.0,0.0,0.0,0.0,0.0,0.0,0.0,0.0,0.0,0.0,0.0,0.0,1.0,1.0,100.0,1.0,100.0
31,CHEYENNE,CHEYENNE COUNTY RE-5,520.0,1.0,0.0,0.0,0.0,0.0,1.0,1.0,100.0,1.0,100.0,7.0,5.0,71.4,6.0,85.7,2.0,2.0,100.0,2.0,100.0,0.0,0.0,0.0,0.0,0.0,0.0,0.0,0.0,0.0,0.0,0.0,0.0,0.0,0.0,0.0
32,CLEAR CREEK,CLEAR CREEK RE-1,540.0,7.0,6.0,85.7,6.0,85.7,2.0,2.0,100.0,2.0,100.0,22.0,18.0,81.8,18.0,81.8,0.0,0.0,0.0,0.0,0.0,0.0,0.0,0.0,0.0,0.0,0.0,0.0,0.0,0.0,0.0,16.0,16.0,100.0,16.0,100.0
33,CONEJOS,NORTH CONEJOS RE-1J,550.0,11.0,11.0,100.0,11.0,100.0,1.0,1.0,100.0,1.0,100.0,64.0,57.0,89.1,57.0,89.1,0.0,0.0,0.0,0.0,0.0,69.0,63.0,91.3,63.0,91.3,0.0,0.0,0.0,0.0,0.0,0.0,0.0,0.0,0.0,0.0
34,CONEJOS,SANFORD 6J,560.0,3.0,1.0,33.3,2.0,66.7,0.0,0.0,0.0,0.0,0.0,10.0,7.0,70.0,8.0,80.0,0.0,0.0,0.0,0.0,0.0,1.0,1.0,100.0,1.0,100.0,1.0,0.0,0.0,0.0,0.0,5.0,5.0,100.0,5.0,100.0
35,CONEJOS,SOUTH CONEJOS RE-10,580.0,1.0,1.0,100.0,1.0,100.0,2.0,1.0,50.0,1.0,50.0,18.0,14.0,77.8,14.0,77.8,1.0,0.0,0.0,0.0,0.0,22.0,18.0,81.8,18.0,81.8,0.0,0.0,0.0,0.0,0.0,1.0,1.0,100.0,1.0,100.0
36,COSTILLA,CENTENNIAL R-1,640.0,1.0,1.0,100.0,1.0,100.0,10.0,10.0,100.0,10.0,100.0,14.0,13.0,92.9,13.0,92.9,0.0,0.0,0.0,0.0,0.0,17.0,15.0,88.2,15.0,88.2,4.0,4.0,100.0,4.0,100.0,0.0,0.0,0.0,0.0,0.0
37,COSTILLA,SIERRA GRANDE R-30,740.0,0.0,0.0,0.0,0.0,0.0,7.0,7.0,100.0,7.0,100.0,16.0,14.0,87.5,14.0,87.5,1.0,1.0,100.0,1.0,100.0,1.0,0.0,0.0,0.0,0.0,1.0,0.0,0.0,0.0,0.0,3.0,3.0,100.0,3.0,100.0
38,CROWLEY,CROWLEY COUNTY RE-1-J,770.0,4.0,3.0,75.0,3.0,75.0,0.0,0.0,0.0,0.0,0.0,31.0,28.0,90.3,30.0,96.8,0.0,0.0,0.0,0.0,0.0,38.0,36.0,94.7,37.0,97.4,1.0,1.0,100.0,1.0,100.0,0.0,0.0,0.0,0.0,0.0
39,CUSTER,CUSTER COUNTY SCHOOL DISTRICT C-1,860.0,5.0,5.0,100.0,5.0,100.0,0.0,0.0,0.0,0.0,0.0,20.0,18.0,90.0,18.0,90.0,0.0,0.0,0.0,0.0,0.0,0.0,0.0,0.0,0.0,0.0,0.0,0.0,0.0,0.0,0.0,7.0,6.0,85.7,6.0,85.7
40,DELTA,DELTA COUNTY 50(J),870.0,44.0,30.0,68.2,30.0,68.2,30.0,22.0,73.3,22.0,73.3,238.0,188.0,79.0,193.0,81.1,5.0,5.0,100.0,5.0,100.0,2.0,0.0,0.0,0.0,0.0,10.0,4.0,40.0,5.0,50.0,40.0,39.0,97.5,39.0,97.5
41,DENVER,DENVER COUNTY 1,880.0,614.0,235.0,38.3,254.0,41.4,1000.0,527.0,52.7,543.0,54.3,3745.0,2010.0,53.7,2153.0,57.5,42.0,21.0,50.0,23.0,54.8,3581.0,1893.0,52.9,2036.0,56.9,283.0,95.0,33.6,106.0,37.5,905.0,720.0,79.6,747.0,82.5
42,DOLORES,DOLORES COUNTY RE NO.2,890.0,1.0,1.0,100.0,1.0,100.0,0.0,0.0,0.0,0.0,0.0,11.0,9.0,81.8,10.0,90.9,0.0,0.0,0.0,0.0,0.0,2.0,2.0,100.0,2.0,100.0,0.0,0.0,0.0,0.0,0.0,1.0,1.0,100.0,1.0,100.0
43,DOUGLAS,DOUGLAS COUNTY RE 1,900.0,331.0,220.0,66.5,227.0,68.6,82.0,61.0,74.4,62.0,75.6,534.0,346.0,64.8,368.0,68.9,1.0,0.0,0.0,0.0,0.0,329.0,252.0,76.6,265.0,80.5,79.0,44.0,55.7,49.0,62.0,266.0,262.0,98.5,265.0,99.6
44,EAGLE,EAGLE COUNTY RE 50,910.0,31.0,18.0,58.1,18.0,58.1,142.0,68.0,47.9,68.0,47.9,149.0,113.0,75.8,113.0,75.8,2.0,2.0,100.0,2.0,100.0,1.0,0.0,0.0,0.0,0.0,11.0,7.0,63.6,7.0,63.6,45.0,43.0,95.6,44.0,97.8
45,ELBERT,ELIZABETH C-1,920.0,12.0,10.0,83.3,10.0,83.3,4.0,1.0,25.0,1.0,25.0,36.0,29.0,80.6,29.0,80.6,0.0,0.0,0.0,0.0,0.0,0.0,0.0,0.0,0.0,0.0,0.0,0.0,0.0,0.0,0.0,24.0,23.0,95.8,23.0,95.8
46,ELBERT,KIOWA C-2,930.0,1.0,1.0,100.0,1.0,100.0,2.0,2.0,100.0,2.0,100.0,10.0,10.0,100.0,10.0,100.0,0.0,0.0,0.0,0.0,0.0,0.0,0.0,0.0,0.0,0.0,2.0,2.0,100.0,2.0,100.0,1.0,1.0,100.0,1.0,100.0
47,ELBERT,BIG SANDY 100J,940.0,4.0,4.0,100.0,4.0,100.0,0.0,0.0,0.0,0.0,0.0,14.0,13.0,92.9,13.0,92.9,0.0,0.0,0.0,0.0,0.0,0.0,0.0,0.0,0.0,0.0,0.0,0.0,0.0,0.0,0.0,0.0,0.0,0.0,0.0,0.0
48,ELBERT,ELBERT 200,950.0,2.0,1.0,50.0,1.0,50.0,0.0,0.0,0.0,0.0,0.0,4.0,2.0,50.0,2.0,50.0,0.0,0.0,0.0,0.0,0.0,0.0,0.0,0.0,0.0,0.0,0.0,0.0,0.0,0.0,0.0,3.0,3.0,100.0,3.0,100.0
49,ELBERT,AGATE 300,960.0,0.0,0.0,0.0,0.0,0.0,0.0,0.0,0.0,0.0,0.0,0.0,0.0,0.0,0.0,0.0,0.0,0.0,0.0,0.0,0.0,0.0,0.0,0.0,0.0,0.0,0.0,0.0,0.0,0.0,0.0,0.0,0.0,0.0,0.0,0.0
50,EL PASO,CALHAN RJ-1,970.0,5.0,4.0,80.0,4.0,80.0,0.0,0.0,0.0,0.0,0.0,23.0,21.0,91.3,21.0,91.3,0.0,0.0,0.0,0.0,0.0,6.0,6.0,100.0,6.0,100.0,1.0,1.0,100.0,1.0,100.0,5.0,5.0,100.0,5.0,100.0
51,EL PASO,HARRISON 2,980.0,48.0,28.0,58.3,28.0,58.3,66.0,44.0,66.7,44.0,66.7,385.0,287.0,74.5,293.0,76.1,1.0,1.0,100.0,1.0,100.0,6.0,4.0,66.7,4.0,66.7,8.0,6.0,75.0,6.0,75.0,48.0,44.0,91.7,44.0,91.7
52,EL PASO,WIDEFIELD 3,990.0,81.0,41.0,50.6,43.0,53.1,9.0,6.0,66.7,6.0,66.7,257.0,183.0,71.2,190.0,73.9,0.0,0.0,0.0,0.0,0.0,9.0,4.0,44.4,5.0,55.6,24.0,13.0,54.2,14.0,58.3,14.0,12.0,85.7,12.0,85.7
53,EL PASO,FOUNTAIN 8,1000.0,32.0,23.0,71.9,23.0,71.9,9.0,8.0,88.9,8.0,88.9,161.0,122.0,75.8,124.0,77.0,0.0,0.0,0.0,0.0,0.0,3.0,2.0,66.7,2.0,66.7,39.0,26.0,66.7,26.0,66.7,1.0,1.0,100.0,1.0,100.0
54,EL PASO,COLORADO SPRINGS 11,1010.0,189.0,66.0,34.9,69.0,36.5,125.0,60.0,48.0,63.0,50.4,1142.0,621.0,54.4,678.0,59.4,1.0,0.0,0.0,0.0,0.0,47.0,17.0,36.2,20.0,42.6,88.0,34.0,38.6,37.0,42.0,250.0,225.0,90.0,231.0,92.4
55,EL PASO,CHEYENNE MOUNTAIN 12,1020.0,20.0,16.0,80.0,17.0,85.0,2.0,2.0,100.0,2.0,100.0,30.0,23.0,76.7,24.0,80.0,0.0,0.0,0.0,0.0,0.0,1.0,1.0,100.0,1.0,100.0,1.0,0.0,0.0,0.0,0.0,62.0,61.0,98.4,61.0,98.4
56,EL PASO,MANITOU SPRINGS 14,1030.0,5.0,5.0,100.0,5.0,100.0,0.0,0.0,0.0,0.0,0.0,44.0,37.0,84.1,41.0,93.2,0.0,0.0,0.0,0.0,0.0,1.0,1.0,100.0,1.0,100.0,0.0,0.0,0.0,0.0,0.0,11.0,11.0,100.0,11.0,100.0
57,EL PASO,ACADEMY 20,1040.0,111.0,65.0,58.6,69.0,62.2,28.0,21.0,75.0,21.0,75.0,276.0,210.0,76.1,216.0,78.3,0.0,0.0,0.0,0.0,0.0,2.0,2.0,100.0,2.0,100.0,11.0,6.0,54.5,6.0,54.5,294.0,287.0,97.6,290.0,98.6
58,EL PASO,ELLICOTT 22,1050.0,4.0,1.0,25.0,1.0,25.0,1.0,1.0,100.0,1.0,100.0,37.0,30.0,81.1,31.0,83.8,1.0,1.0,100.0,1.0,100.0,24.0,23.0,95.8,23.0,95.8,2.0,1.0,50.0,1.0,50.0,1.0,1.0,100.0,1.0,100.0
59,EL PASO,PEYTON 23 JT,1060.0,4.0,4.0,100.0,4.0,100.0,0.0,0.0,0.0,0.0,0.0,17.0,17.0,100.0,17.0,100.0,0.0,0.0,0.0,0.0,0.0,0.0,0.0,0.0,0.0,0.0,0.0,0.0,0.0,0.0,0.0,2.0,2.0,100.0,2.0,100.0
60,EL PASO,HANOVER 28,1070.0,2.0,2.0,100.0,2.0,100.0,2.0,2.0,100.0,2.0,100.0,12.0,10.0,83.3,10.0,83.3,1.0,1.0,100.0,1.0,100.0,14.0,12.0,85.7,12.0,85.7,2.0,2.0,100.0,2.0,100.0,0.0,0.0,0.0,0.0,0.0
61,EL PASO,LEWIS-PALMER 38,1080.0,33.0,16.0,48.5,16.0,48.5,11.0,11.0,100.0,11.0,100.0,51.0,40.0,78.4,40.0,78.4,0.0,0.0,0.0,0.0,0.0,2.0,1.0,50.0,1.0,50.0,1.0,1.0,100.0,1.0,100.0,85.0,82.0,96.5,84.0,98.8
62,EL PASO,FALCON 49,1110.0,78.0,50.0,64.1,50.0,64.1,23.0,18.0,78.3,18.0,78.3,258.0,213.0,82.6,213.0,82.6,0.0,0.0,0.0,0.0,0.0,2.0,1.0,50.0,1.0,50.0,7.0,6.0,85.7,6.0,85.7,86.0,83.0,96.5,83.0,96.5
63,EL PASO,EDISON 54 JT,1120.0,2.0,2.0,100.0,2.0,100.0,0.0,0.0,0.0,0.0,0.0,8.0,6.0,75.0,6.0,75.0,0.0,0.0,0.0,0.0,0.0,3.0,3.0,100.0,3.0,100.0,0.0,0.0,0.0,0.0,0.0,5.0,3.0,60.0,3.0,60.0
64,EL PASO,MIAMI/YODER 60 JT,1130.0,2.0,1.0,50.0,1.0,50.0,0.0,0.0,0.0,0.0,0.0,10.0,9.0,90.0,9.0,90.0,0.0,0.0,0.0,0.0,0.0,1.0,1.0,100.0,1.0,100.0,0.0,0.0,0.0,0.0,0.0,0.0,0.0,0.0,0.0,0.0
65,FREMONT,CANON CITY RE-1,1140.0,42.0,22.0,52.4,22.0,52.4,0.0,0.0,0.0,0.0,0.0,171.0,94.0,55.0,108.0,63.2,0.0,0.0,0.0,0.0,0.0,11.0,4.0,36.4,8.0,72.7,5.0,0.0,0.0,2.0,40.0,26.0,24.0,92.3,24.0,92.3
66,FREMONT,FREMONT RE-2,1150.0,9.0,7.0,77.8,7.0,77.8,1.0,1.0,100.0,1.0,100.0,60.0,47.0,78.3,51.0,85.0,0.0,0.0,0.0,0.0,0.0,28.0,24.0,85.7,26.0,92.9,1.0,1.0,100.0,1.0,100.0,9.0,8.0,88.9,9.0,100.0
67,FREMONT,COTOPAXI RE-3,1160.0,2.0,1.0,50.0,1.0,50.0,0.0,0.0,0.0,0.0,0.0,10.0,8.0,80.0,9.0,90.0,0.0,0.0,0.0,0.0,0.0,14.0,11.0,78.6,12.0,85.7,0.0,0.0,0.0,0.0,0.0,2.0,2.0,100.0,2.0,100.0
68,GARFIELD,ROARING FORK RE-1,1180.0,34.0,27.0,79.4,28.0,82.4,69.0,40.0,58.0,40.0,58.0,101.0,73.0,72.3,73.0,72.3,1.0,1.0,100.0,1.0,100.0,0.0,0.0,0.0,0.0,0.0,0.0,0.0,0.0,0.0,0.0,39.0,39.0,100.0,39.0,100.0
69,GARFIELD,GARFIELD RE-2,1195.0,21.0,16.0,76.2,16.0,76.2,44.0,28.0,63.6,32.0,72.7,149.0,90.0,60.4,111.0,74.5,0.0,0.0,0.0,0.0,0.0,7.0,0.0,0.0,2.0,28.6,6.0,5.0,83.3,6.0,100.0,18.0,16.0,88.9,18.0,100.0
70,GARFIELD,GARFIELD 16,1220.0,4.0,3.0,75.0,3.0,75.0,7.0,6.0,85.7,6.0,85.7,48.0,36.0,75.0,37.0,77.1,1.0,1.0,100.0,1.0,100.0,0.0,0.0,0.0,0.0,0.0,1.0,1.0,100.0,1.0,100.0,1.0,1.0,100.0,1.0,100.0
71,GILPIN,GILPIN COUNTY RE-1,1330.0,5.0,2.0,40.0,2.0,40.0,1.0,1.0,100.0,1.0,100.0,8.0,5.0,62.5,5.0,62.5,0.0,0.0,0.0,0.0,0.0,0.0,0.0,0.0,0.0,0.0,1.0,1.0,100.0,1.0,100.0,2.0,2.0,100.0,2.0,100.0
72,GRAND,WEST GRAND 1-JT.,1340.0,1.0,1.0,100.0,1.0,100.0,0.0,0.0,0.0,0.0,0.0,5.0,5.0,100.0,5.0,100.0,0.0,0.0,0.0,0.0,0.0,0.0,0.0,0.0,0.0,0.0,0.0,0.0,0.0,0.0,0.0,1.0,1.0,100.0,1.0,100.0
73,GRAND,EAST GRAND 2,1350.0,4.0,1.0,25.0,2.0,50.0,9.0,4.0,44.4,4.0,44.4,27.0,11.0,40.7,17.0,63.0,1.0,1.0,100.0,1.0,100.0,1.0,1.0,100.0,1.0,100.0,1.0,0.0,0.0,0.0,0.0,6.0,5.0,83.3,5.0,83.3
74,GUNNISON,GUNNISON WATERSHED RE1J,1360.0,9.0,6.0,66.7,7.0,77.8,10.0,5.0,50.0,5.0,50.0,26.0,20.0,76.9,20.0,76.9,2.0,1.0,50.0,1.0,50.0,0.0,0.0,0.0,0.0,0.0,0.0,0.0,0.0,0.0,0.0,11.0,11.0,100.0,11.0,100.0
75,HINSDALE,HINSDALE COUNTY RE 1,1380.0,1.0,1.0,100.0,1.0,100.0,0.0,0.0,0.0,0.0,0.0,0.0,0.0,0.0,0.0,0.0,0.0,0.0,0.0,0.0,0.0,1.0,1.0,100.0,1.0,100.0,0.0,0.0,0.0,0.0,0.0,1.0,1.0,100.0,1.0,100.0
76,HUERFANO,HUERFANO RE-1,1390.0,5.0,4.0,80.0,5.0,100.0,0.0,0.0,0.0,0.0,0.0,33.0,25.0,75.8,28.0,84.8,0.0,0.0,0.0,0.0,0.0,4.0,3.0,75.0,3.0,75.0,0.0,0.0,0.0,0.0,0.0,5.0,5.0,100.0,5.0,100.0
77,HUERFANO,LA VETA RE-2,1400.0,2.0,2.0,100.0,2.0,100.0,1.0,0.0,0.0,0.0,0.0,9.0,8.0,88.9,8.0,88.9,0.0,0.0,0.0,0.0,0.0,0.0,0.0,0.0,0.0,0.0,0.0,0.0,0.0,0.0,0.0,2.0,2.0,100.0,2.0,100.0
78,JACKSON,NORTH PARK R-1 ,1410.0,2.0,1.0,50.0,1.0,50.0,1.0,1.0,100.0,1.0,100.0,8.0,6.0,75.0,6.0,75.0,0.0,0.0,0.0,0.0,0.0,13.0,12.0,92.3,12.0,92.3,0.0,0.0,0.0,0.0,0.0,2.0,2.0,100.0,2.0,100.0
79,JEFFERSON,JEFFERSON COUNTY R-1,1420.0,602.0,378.0,62.8,392.0,65.1,398.0,205.0,51.5,209.0,52.5,2090.0,1351.0,64.6,1423.0,68.1,12.0,3.0,25.0,3.0,25.0,295.0,157.0,53.2,165.0,55.9,247.0,144.0,58.3,151.0,61.1,933.0,891.0,95.5,900.0,96.5
80,KIOWA,EADS RE-1,1430.0,0.0,0.0,0.0,0.0,0.0,0.0,0.0,0.0,0.0,0.0,9.0,8.0,88.9,9.0,100.0,0.0,0.0,0.0,0.0,0.0,0.0,0.0,0.0,0.0,0.0,0.0,0.0,0.0,0.0,0.0,3.0,3.0,100.0,3.0,100.0
81,KIOWA,PLAINVIEW RE-2,1440.0,0.0,0.0,0.0,0.0,0.0,0.0,0.0,0.0,0.0,0.0,1.0,0.0,0.0,1.0,100.0,0.0,0.0,0.0,0.0,0.0,0.0,0.0,0.0,0.0,0.0,0.0,0.0,0.0,0.0,0.0,1.0,1.0,100.0,1.0,100.0
82,KIT CARSON,ARRIBA-FLAGLER C-20,1450.0,1.0,1.0,100.0,1.0,100.0,0.0,0.0,0.0,0.0,0.0,3.0,2.0,66.7,2.0,66.7,0.0,0.0,0.0,0.0,0.0,0.0,0.0,0.0,0.0,0.0,0.0,0.0,0.0,0.0,0.0,1.0,1.0,100.0,1.0,100.0
83,KIT CARSON,HI-PLAINS R-23,1460.0,2.0,1.0,50.0,1.0,50.0,0.0,0.0,0.0,0.0,0.0,5.0,4.0,80.0,4.0,80.0,0.0,0.0,0.0,0.0,0.0,0.0,0.0,0.0,0.0,0.0,0.0,0.0,0.0,0.0,0.0,0.0,0.0,0.0,0.0,0.0
84,KIT CARSON,STRATTON R-4,1480.0,4.0,3.0,75.0,4.0,100.0,1.0,1.0,100.0,1.0,100.0,10.0,9.0,90.0,10.0,100.0,1.0,1.0,100.0,1.0,100.0,0.0,0.0,0.0,0.0,0.0,0.0,0.0,0.0,0.0,0.0,6.0,6.0,100.0,6.0,100.0
85,KIT CARSON,BETHUNE R-5,1490.0,0.0,0.0,0.0,0.0,0.0,1.0,1.0,100.0,1.0,100.0,7.0,7.0,100.0,7.0,100.0,1.0,1.0,100.0,1.0,100.0,0.0,0.0,0.0,0.0,0.0,0.0,0.0,0.0,0.0,0.0,2.0,2.0,100.0,2.0,100.0
86,KIT CARSON,BURLINGTON RE-6J,1500.0,8.0,4.0,50.0,4.0,50.0,15.0,11.0,73.3,11.0,73.3,31.0,24.0,77.4,24.0,77.4,7.0,4.0,57.1,4.0,57.1,1.0,1.0,100.0,1.0,100.0,5.0,3.0,60.0,3.0,60.0,2.0,2.0,100.0,2.0,100.0
87,LAKE,LAKE COUNTY R-1,1510.0,10.0,3.0,30.0,4.0,40.0,24.0,13.0,54.2,13.0,54.2,43.0,29.0,67.4,29.0,67.4,3.0,1.0,33.3,1.0,33.3,0.0,0.0,0.0,0.0,0.0,0.0,0.0,0.0,0.0,0.0,8.0,8.0,100.0,8.0,100.0
88,LA PLATA,DURANGO 9-R,1520.0,34.0,22.0,64.7,23.0,67.6,5.0,2.0,40.0,2.0,40.0,116.0,67.0,57.8,80.0,69.0,0.0,0.0,0.0,0.0,0.0,0.0,0.0,0.0,0.0,0.0,3.0,0.0,0.0,2.0,66.7,49.0,47.0,95.9,48.0,98.0
89,LA PLATA,BAYFIELD 10 JT-R,1530.0,4.0,4.0,100.0,4.0,100.0,1.0,1.0,100.0,1.0,100.0,15.0,12.0,80.0,13.0,86.7,0.0,0.0,0.0,0.0,0.0,0.0,0.0,0.0,0.0,0.0,0.0,0.0,0.0,0.0,0.0,9.0,9.0,100.0,9.0,100.0
90,LA PLATA,IGNACIO 11 JT,1540.0,8.0,3.0,37.5,3.0,37.5,2.0,2.0,100.0,2.0,100.0,31.0,22.0,71.0,22.0,71.0,0.0,0.0,0.0,0.0,0.0,1.0,1.0,100.0,1.0,100.0,1.0,0.0,0.0,0.0,0.0,6.0,6.0,100.0,6.0,100.0
91,LARIMER,POUDRE R-1,1550.0,190.0,110.0,57.9,114.0,60.0,121.0,88.0,72.7,88.0,72.7,617.0,448.0,72.6,469.0,76.0,4.0,3.0,75.0,3.0,75.0,5.0,1.0,20.0,1.0,20.0,113.0,77.0,68.1,81.0,71.7,274.0,268.0,97.8,270.0,98.5
92,BOULDER,THOMPSON R2-J,1560.0,118.0,61.0,51.7,64.0,54.2,23.0,10.0,43.5,10.0,43.5,407.0,249.0,61.2,276.0,67.8,2.0,1.0,50.0,1.0,50.0,4.0,2.0,50.0,2.0,50.0,33.0,15.0,45.5,18.0,54.5,128.0,121.0,94.5,124.0,96.9
93,LARIMER,PARK (ESTES PARK) R-3,1570.0,8.0,4.0,50.0,4.0,50.0,6.0,3.0,50.0,3.0,50.0,26.0,18.0,69.2,18.0,69.2,1.0,0.0,0.0,0.0,0.0,1.0,0.0,0.0,0.0,0.0,5.0,3.0,60.0,3.0,60.0,21.0,21.0,100.0,21.0,100.0
94,LAS ANIMAS,TRINIDAD 1,1580.0,12.0,9.0,75.0,10.0,83.3,1.0,1.0,100.0,1.0,100.0,79.0,66.0,83.5,70.0,88.6,0.0,0.0,0.0,0.0,0.0,2.0,1.0,50.0,1.0,50.0,0.0,0.0,0.0,0.0,0.0,3.0,3.0,100.0,3.0,100.0
95,LAS ANIMAS,PRIMERO REORGANIZED 2,1590.0,0.0,0.0,0.0,0.0,0.0,1.0,1.0,100.0,1.0,100.0,5.0,3.0,60.0,3.0,60.0,0.0,0.0,0.0,0.0,0.0,0.0,0.0,0.0,0.0,0.0,0.0,0.0,0.0,0.0,0.0,2.0,2.0,100.0,2.0,100.0
96,LAS ANIMAS,HOEHNE REORGANIZED 3,1600.0,1.0,1.0,100.0,1.0,100.0,0.0,0.0,0.0,0.0,0.0,8.0,8.0,100.0,8.0,100.0,0.0,0.0,0.0,0.0,0.0,0.0,0.0,0.0,0.0,0.0,1.0,1.0,100.0,1.0,100.0,1.0,1.0,100.0,1.0,100.0
97,LAS ANIMAS,AGUILAR REORGANIZED 6,1620.0,3.0,0.0,0.0,0.0,0.0,0.0,0.0,0.0,0.0,0.0,12.0,6.0,50.0,6.0,50.0,0.0,0.0,0.0,0.0,0.0,13.0,7.0,53.8,7.0,53.8,1.0,0.0,0.0,0.0,0.0,0.0,0.0,0.0,0.0,0.0
98,LAS ANIMAS,BRANSON REORGANIZED 82,1750.0,2.0,0.0,0.0,0.0,0.0,0.0,0.0,0.0,0.0,0.0,19.0,7.0,36.8,8.0,42.1,0.0,0.0,0.0,0.0,0.0,2.0,1.0,50.0,2.0,100.0,1.0,0.0,0.0,0.0,0.0,1.0,1.0,100.0,1.0,100.0
99,LAS ANIMAS,KIM REORGANIZED 88,1760.0,0.0,0.0,0.0,0.0,0.0,0.0,0.0,0.0,0.0,0.0,3.0,3.0,100.0,3.0,100.0,0.0,0.0,0.0,0.0,0.0,0.0,0.0,0.0,0.0,0.0,0.0,0.0,0.0,0.0,0.0,1.0,1.0,100.0,1.0,100.0
100,LINCOLN,GENOA-HUGO C113,1780.0,2.0,0.0,0.0,0.0,0.0,0.0,0.0,0.0,0.0,0.0,10.0,4.0,40.0,4.0,40.0,0.0,0.0,0.0,0.0,0.0,1.0,0.0,0.0,0.0,0.0,0.0,0.0,0.0,0.0,0.0,0.0,0.0,0.0,0.0,0.0
101,LINCOLN,LIMON RE-4J,1790.0,8.0,6.0,75.0,6.0,75.0,1.0,1.0,100.0,1.0,100.0,22.0,18.0,81.8,18.0,81.8,0.0,0.0,0.0,0.0,0.0,3.0,2.0,66.7,2.0,66.7,1.0,1.0,100.0,1.0,100.0,1.0,1.0,100.0,1.0,100.0
102,LINCOLN,KARVAL RE-23,1810.0,2.0,1.0,50.0,1.0,50.0,1.0,0.0,0.0,0.0,0.0,20.0,11.0,55.0,13.0,65.0,0.0,0.0,0.0,0.0,0.0,3.0,1.0,33.3,2.0,66.7,3.0,2.0,66.7,2.0,66.7,1.0,1.0,100.0,1.0,100.0
103,LOGAN,VALLEY RE-1,1828.0,22.0,12.0,54.5,14.0,63.6,3.0,2.0,66.7,2.0,66.7,87.0,56.0,64.4,61.0,70.1,3.0,2.0,66.7,2.0,66.7,2.0,1.0,50.0,1.0,50.0,4.0,2.0,50.0,3.0,75.0,27.0,25.0,92.6,25.0,92.6
104,LOGAN,FRENCHMAN RE-3,1850.0,2.0,2.0,100.0,2.0,100.0,0.0,0.0,0.0,0.0,0.0,3.0,3.0,100.0,3.0,100.0,0.0,0.0,0.0,0.0,0.0,0.0,0.0,0.0,0.0,0.0,0.0,0.0,0.0,0.0,0.0,3.0,3.0,100.0,3.0,100.0
105,LOGAN,BUFFALO RE-4J,1860.0,2.0,2.0,100.0,2.0,100.0,0.0,0.0,0.0,0.0,0.0,10.0,10.0,100.0,10.0,100.0,0.0,0.0,0.0,0.0,0.0,0.0,0.0,0.0,0.0,0.0,0.0,0.0,0.0,0.0,0.0,0.0,0.0,0.0,0.0,0.0
106,LOGAN,PLATEAU RE-5,1870.0,0.0,0.0,0.0,0.0,0.0,0.0,0.0,0.0,0.0,0.0,4.0,4.0,100.0,4.0,100.0,0.0,0.0,0.0,0.0,0.0,2.0,2.0,100.0,2.0,100.0,0.0,0.0,0.0,0.0,0.0,1.0,1.0,100.0,1.0,100.0
107,MESA,DE BEQUE 49JT,1980.0,0.0,0.0,0.0,0.0,0.0,0.0,0.0,0.0,0.0,0.0,4.0,3.0,75.0,3.0,75.0,0.0,0.0,0.0,0.0,0.0,0.0,0.0,0.0,0.0,0.0,0.0,0.0,0.0,0.0,0.0,2.0,2.0,100.0,2.0,100.0
108,MESA,PLATEAU VALLEY 50,1990.0,23.0,5.0,21.7,5.0,21.7,5.0,0.0,0.0,0.0,0.0,67.0,17.0,25.4,29.0,43.3,0.0,0.0,0.0,0.0,0.0,18.0,7.0,38.9,9.0,50.0,3.0,0.0,0.0,0.0,0.0,2.0,1.0,50.0,2.0,100.0
109,MESA,MESA COUNTY VALLEY 51,2000.0,192.0,111.0,57.8,114.0,59.4,100.0,64.0,64.0,66.0,66.0,538.0,365.0,67.8,379.0,70.4,16.0,10.0,62.5,10.0,62.5,9.0,4.0,44.4,5.0,55.6,65.0,34.0,52.3,38.0,58.5,133.0,129.0,97.0,129.0,97.0
110,MINERAL,CREEDE SCHOOL DISTRICT,2010.0,0.0,0.0,0.0,0.0,0.0,0.0,0.0,0.0,0.0,0.0,2.0,1.0,50.0,1.0,50.0,0.0,0.0,0.0,0.0,0.0,9.0,8.0,88.9,8.0,88.9,0.0,0.0,0.0,0.0,0.0,0.0,0.0,0.0,0.0,0.0
111,MOFFAT,MOFFAT COUNTY RE:NO 1,2020.0,10.0,8.0,80.0,8.0,80.0,4.0,3.0,75.0,3.0,75.0,68.0,44.0,64.7,46.0,67.6,0.0,0.0,0.0,0.0,0.0,0.0,0.0,0.0,0.0,0.0,8.0,2.0,25.0,2.0,25.0,2.0,2.0,100.0,2.0,100.0
112,MONTEZUMA,MONTEZUMA-CORTEZ RE-1,2035.0,27.0,11.0,40.7,11.0,40.7,41.0,14.0,34.1,14.0,34.1,132.0,55.0,41.7,59.0,44.7,0.0,0.0,0.0,0.0,0.0,0.0,0.0,0.0,0.0,0.0,1.0,0.0,0.0,0.0,0.0,13.0,12.0,92.3,12.0,92.3
113,MONTEZUMA,DOLORES RE-4A,2055.0,1.0,0.0,0.0,0.0,0.0,2.0,1.0,50.0,2.0,100.0,21.0,17.0,81.0,18.0,85.7,0.0,0.0,0.0,0.0,0.0,0.0,0.0,0.0,0.0,0.0,0.0,0.0,0.0,0.0,0.0,4.0,4.0,100.0,4.0,100.0
114,MONTEZUMA,MANCOS RE-6,2070.0,2.0,2.0,100.0,2.0,100.0,1.0,1.0,100.0,1.0,100.0,13.0,12.0,92.3,13.0,100.0,0.0,0.0,0.0,0.0,0.0,0.0,0.0,0.0,0.0,0.0,2.0,2.0,100.0,2.0,100.0,3.0,3.0,100.0,3.0,100.0
115,MONTROSE,MONTROSE COUNTY RE-1J,2180.0,31.0,13.0,41.9,13.0,41.9,54.0,33.0,61.1,33.0,61.1,266.0,187.0,70.3,190.0,71.4,9.0,1.0,11.1,2.0,22.2,6.0,1.0,16.7,1.0,16.7,19.0,11.0,57.9,11.0,57.9,49.0,47.0,95.9,49.0,100.0
116,MONTROSE,WEST END RE-2,2190.0,1.0,1.0,100.0,1.0,100.0,0.0,0.0,0.0,0.0,0.0,5.0,3.0,60.0,3.0,60.0,0.0,0.0,0.0,0.0,0.0,0.0,0.0,0.0,0.0,0.0,0.0,0.0,0.0,0.0,0.0,1.0,1.0,100.0,1.0,100.0
117,MORGAN,BRUSH RE-2(J),2395.0,10.0,6.0,60.0,7.0,70.0,10.0,8.0,80.0,8.0,80.0,61.0,44.0,72.1,50.0,82.0,4.0,3.0,75.0,3.0,75.0,2.0,2.0,100.0,2.0,100.0,6.0,2.0,33.3,4.0,66.7,7.0,7.0,100.0,7.0,100.0
118,MORGAN,FORT MORGAN RE-3,2405.0,16.0,7.0,43.8,8.0,50.0,74.0,34.0,45.9,40.0,54.1,159.0,99.0,62.3,116.0,73.0,22.0,8.0,36.4,9.0,40.9,9.0,4.0,44.4,6.0,66.7,13.0,3.0,23.1,3.0,23.1,19.0,19.0,100.0,19.0,100.0
119,MORGAN,WELDON VALLEY RE-20(J),2505.0,1.0,1.0,100.0,1.0,100.0,0.0,0.0,0.0,0.0,0.0,6.0,6.0,100.0,6.0,100.0,0.0,0.0,0.0,0.0,0.0,2.0,2.0,100.0,2.0,100.0,0.0,0.0,0.0,0.0,0.0,1.0,1.0,100.0,1.0,100.0
120,MORGAN,WIGGINS RE-50(J),2515.0,1.0,1.0,100.0,1.0,100.0,5.0,1.0,20.0,1.0,20.0,28.0,19.0,67.9,19.0,67.9,3.0,1.0,33.3,1.0,33.3,43.0,34.0,79.1,34.0,79.1,6.0,4.0,66.7,4.0,66.7,3.0,3.0,100.0,3.0,100.0
121,OTERO,EAST OTERO R-1,2520.0,13.0,7.0,53.8,7.0,53.8,3.0,2.0,66.7,2.0,66.7,78.0,65.0,83.3,69.0,88.5,0.0,0.0,0.0,0.0,0.0,22.0,11.0,50.0,14.0,63.6,0.0,0.0,0.0,0.0,0.0,2.0,2.0,100.0,2.0,100.0
122,OTERO,ROCKY FORD R-2,2530.0,5.0,3.0,60.0,3.0,60.0,2.0,1.0,50.0,2.0,100.0,41.0,28.0,68.3,34.0,82.9,1.0,1.0,100.0,1.0,100.0,3.0,2.0,66.7,3.0,100.0,2.0,0.0,0.0,1.0,50.0,2.0,2.0,100.0,2.0,100.0
123,OTERO,MANZANOLA 3J,2535.0,1.0,1.0,100.0,1.0,100.0,3.0,3.0,100.0,3.0,100.0,11.0,10.0,90.9,10.0,90.9,0.0,0.0,0.0,0.0,0.0,0.0,0.0,0.0,0.0,0.0,0.0,0.0,0.0,0.0,0.0,1.0,1.0,100.0,1.0,100.0
124,OTERO,FOWLER R-4J,2540.0,2.0,2.0,100.0,2.0,100.0,0.0,0.0,0.0,0.0,0.0,12.0,12.0,100.0,12.0,100.0,0.0,0.0,0.0,0.0,0.0,0.0,0.0,0.0,0.0,0.0,0.0,0.0,0.0,0.0,0.0,2.0,2.0,100.0,2.0,100.0
125,OTERO,CHERAW 31,2560.0,1.0,0.0,0.0,0.0,0.0,0.0,0.0,0.0,0.0,0.0,10.0,8.0,80.0,8.0,80.0,0.0,0.0,0.0,0.0,0.0,2.0,1.0,50.0,1.0,50.0,1.0,1.0,100.0,1.0,100.0,5.0,5.0,100.0,5.0,100.0
126,OTERO,SWINK 33,2570.0,2.0,2.0,100.0,2.0,100.0,0.0,0.0,0.0,0.0,0.0,15.0,15.0,100.0,15.0,100.0,0.0,0.0,0.0,0.0,0.0,0.0,0.0,0.0,0.0,0.0,0.0,0.0,0.0,0.0,0.0,0.0,0.0,0.0,0.0,0.0
127,OURAY,OURAY R-1,2580.0,5.0,4.0,80.0,4.0,80.0,3.0,1.0,33.3,1.0,33.3,11.0,8.0,72.7,8.0,72.7,0.0,0.0,0.0,0.0,0.0,1.0,0.0,0.0,0.0,0.0,0.0,0.0,0.0,0.0,0.0,0.0,0.0,0.0,0.0,0.0
128,OURAY,RIDGWAY R-2,2590.0,3.0,1.0,33.3,2.0,66.7,0.0,0.0,0.0,0.0,0.0,6.0,4.0,66.7,5.0,83.3,0.0,0.0,0.0,0.0,0.0,0.0,0.0,0.0,0.0,0.0,0.0,0.0,0.0,0.0,0.0,2.0,2.0,100.0,2.0,100.0
129,PARK,PLATTE CANYON 1,2600.0,12.0,8.0,66.7,8.0,66.7,0.0,0.0,0.0,0.0,0.0,30.0,20.0,66.7,21.0,70.0,0.0,0.0,0.0,0.0,0.0,1.0,0.0,0.0,0.0,0.0,1.0,0.0,0.0,0.0,0.0,9.0,7.0,77.8,7.0,77.8
130,PARK,PARK COUNTY RE-2,2610.0,3.0,1.0,33.3,1.0,33.3,1.0,0.0,0.0,0.0,0.0,13.0,7.0,53.8,8.0,61.5,0.0,0.0,0.0,0.0,0.0,0.0,0.0,0.0,0.0,0.0,0.0,0.0,0.0,0.0,0.0,2.0,2.0,100.0,2.0,100.0
131,PHILLIPS,HOLYOKE RE-1J,2620.0,3.0,2.0,66.7,2.0,66.7,6.0,3.0,50.0,3.0,50.0,23.0,17.0,73.9,17.0,73.9,2.0,1.0,50.0,1.0,50.0,3.0,3.0,100.0,3.0,100.0,0.0,0.0,0.0,0.0,0.0,3.0,3.0,100.0,3.0,100.0
132,PHILLIPS,HAXTUN RE-2J,2630.0,3.0,2.0,66.7,3.0,100.0,0.0,0.0,0.0,0.0,0.0,8.0,7.0,87.5,8.0,100.0,0.0,0.0,0.0,0.0,0.0,0.0,0.0,0.0,0.0,0.0,0.0,0.0,0.0,0.0,0.0,3.0,3.0,100.0,3.0,100.0
133,PITKIN,ASPEN 1,2640.0,8.0,6.0,75.0,8.0,100.0,10.0,6.0,60.0,6.0,60.0,16.0,13.0,81.3,14.0,87.5,0.0,0.0,0.0,0.0,0.0,0.0,0.0,0.0,0.0,0.0,0.0,0.0,0.0,0.0,0.0,4.0,4.0,100.0,4.0,100.0
134,PROWERS,GRANADA RE-1,2650.0,1.0,1.0,100.0,1.0,100.0,2.0,2.0,100.0,2.0,100.0,9.0,9.0,100.0,9.0,100.0,0.0,0.0,0.0,0.0,0.0,0.0,0.0,0.0,0.0,0.0,1.0,1.0,100.0,1.0,100.0,3.0,3.0,100.0,3.0,100.0
135,PROWERS,LAMAR RE-2,2660.0,7.0,6.0,85.7,6.0,85.7,4.0,2.0,50.0,2.0,50.0,82.0,47.0,57.3,51.0,62.2,6.0,3.0,50.0,3.0,50.0,66.0,37.0,56.1,39.0,59.1,0.0,0.0,0.0,0.0,0.0,11.0,11.0,100.0,11.0,100.0
136,PROWERS,HOLLY RE-3,2670.0,2.0,2.0,100.0,2.0,100.0,3.0,3.0,100.0,3.0,100.0,13.0,13.0,100.0,13.0,100.0,1.0,1.0,100.0,1.0,100.0,2.0,2.0,100.0,2.0,100.0,0.0,0.0,0.0,0.0,0.0,4.0,4.0,100.0,4.0,100.0
137,PROWERS,WILEY RE-13 JT,2680.0,0.0,0.0,0.0,0.0,0.0,0.0,0.0,0.0,0.0,0.0,11.0,7.0,63.6,7.0,63.6,0.0,0.0,0.0,0.0,0.0,1.0,0.0,0.0,0.0,0.0,0.0,0.0,0.0,0.0,0.0,0.0,0.0,0.0,0.0,0.0
138,PUEBLO,PUEBLO CITY 60,2690.0,127.0,36.0,28.3,38.0,29.9,72.0,43.0,59.7,44.0,61.1,876.0,490.0,55.9,538.0,61.4,4.0,3.0,75.0,3.0,75.0,65.0,6.0,9.2,16.0,24.6,119.0,60.0,50.4,67.0,56.3,139.0,125.0,89.9,128.0,92.1
139,PUEBLO,PUEBLO COUNTY 70,20.0,44.0,27.0,61.4,29.0,65.9,11.0,4.0,36.4,6.0,54.5,287.0,218.0,76.0,238.0,82.9,4.0,3.0,75.0,3.0,75.0,10.0,3.0,30.0,6.0,60.0,9.0,4.0,44.4,5.0,55.6,84.0,78.0,92.9,82.0,97.6
140,RIO BLANCO,MEEKER RE1,2710.0,2.0,2.0,100.0,2.0,100.0,1.0,1.0,100.0,1.0,100.0,9.0,8.0,88.9,8.0,88.9,0.0,0.0,0.0,0.0,0.0,1.0,0.0,0.0,0.0,0.0,0.0,0.0,0.0,0.0,0.0,6.0,6.0,100.0,6.0,100.0
141,RIO BLANCO,RANGELY RE-4,2720.0,3.0,3.0,100.0,3.0,100.0,1.0,1.0,100.0,1.0,100.0,6.0,5.0,83.3,5.0,83.3,0.0,0.0,0.0,0.0,0.0,0.0,0.0,0.0,0.0,0.0,0.0,0.0,0.0,0.0,0.0,0.0,0.0,0.0,0.0,0.0
142,RIO GRANDE,DEL NORTE C-7,2730.0,5.0,5.0,100.0,5.0,100.0,2.0,1.0,50.0,1.0,50.0,26.0,21.0,80.8,22.0,84.6,1.0,0.0,0.0,0.0,0.0,0.0,0.0,0.0,0.0,0.0,0.0,0.0,0.0,0.0,0.0,2.0,2.0,100.0,2.0,100.0
143,RIO GRANDE,MONTE VISTA C-8,2740.0,6.0,2.0,33.3,2.0,33.3,7.0,5.0,71.4,5.0,71.4,74.0,45.0,60.8,55.0,74.3,6.0,3.0,50.0,4.0,66.7,2.0,2.0,100.0,2.0,100.0,3.0,1.0,33.3,2.0,66.7,2.0,2.0,100.0,2.0,100.0
144,RIO GRANDE,SARGENT RE-33J,2750.0,0.0,0.0,0.0,0.0,0.0,0.0,0.0,0.0,0.0,0.0,15.0,13.0,86.7,15.0,100.0,0.0,0.0,0.0,0.0,0.0,0.0,0.0,0.0,0.0,0.0,0.0,0.0,0.0,0.0,0.0,4.0,3.0,75.0,4.0,100.0
145,ROUTT,HAYDEN RE-1,2760.0,7.0,6.0,85.7,6.0,85.7,0.0,0.0,0.0,0.0,0.0,8.0,7.0,87.5,7.0,87.5,0.0,0.0,0.0,0.0,0.0,0.0,0.0,0.0,0.0,0.0,0.0,0.0,0.0,0.0,0.0,0.0,0.0,0.0,0.0,0.0
146,ROUTT,STEAMBOAT SPRINGS RE-2,2770.0,22.0,11.0,50.0,11.0,50.0,9.0,5.0,55.6,5.0,55.6,24.0,15.0,62.5,15.0,62.5,0.0,0.0,0.0,0.0,0.0,0.0,0.0,0.0,0.0,0.0,0.0,0.0,0.0,0.0,0.0,30.0,29.0,96.7,30.0,100.0
147,ROUTT,SOUTH ROUTT RE 3,2780.0,4.0,4.0,100.0,4.0,100.0,0.0,0.0,0.0,0.0,0.0,12.0,12.0,100.0,12.0,100.0,0.0,0.0,0.0,0.0,0.0,0.0,0.0,0.0,0.0,0.0,0.0,0.0,0.0,0.0,0.0,0.0,0.0,0.0,0.0,0.0
148,SAGUACHE,MOUNTAIN VALLEY RE 1,2790.0,1.0,1.0,100.0,1.0,100.0,0.0,0.0,0.0,0.0,0.0,8.0,7.0,87.5,7.0,87.5,0.0,0.0,0.0,0.0,0.0,1.0,1.0,100.0,1.0,100.0,1.0,1.0,100.0,1.0,100.0,0.0,0.0,0.0,0.0,0.0
149,SAGUACHE,MOFFAT 2,2800.0,2.0,2.0,100.0,2.0,100.0,0.0,0.0,0.0,0.0,0.0,14.0,12.0,85.7,12.0,85.7,0.0,0.0,0.0,0.0,0.0,13.0,12.0,92.3,12.0,92.3,4.0,3.0,75.0,3.0,75.0,1.0,1.0,100.0,1.0,100.0
150,SAGUACHE,CENTER 26 JT,2810.0,6.0,3.0,50.0,3.0,50.0,10.0,6.0,60.0,6.0,60.0,36.0,27.0,75.0,27.0,75.0,6.0,3.0,50.0,3.0,50.0,8.0,5.0,62.5,5.0,62.5,3.0,2.0,66.7,2.0,66.7,1.0,1.0,100.0,1.0,100.0
151,SAN JUAN,SILVERTON 1,2820.0,0.0,0.0,0.0,0.0,0.0,1.0,1.0,100.0,1.0,100.0,2.0,2.0,100.0,2.0,100.0,0.0,0.0,0.0,0.0,0.0,1.0,1.0,100.0,1.0,100.0,1.0,1.0,100.0,1.0,100.0,0.0,0.0,0.0,0.0,0.0
152,SAN MIGUEL,TELLURIDE R-1,2830.0,5.0,2.0,40.0,4.0,80.0,4.0,2.0,50.0,2.0,50.0,5.0,3.0,60.0,3.0,60.0,0.0,0.0,0.0,0.0,0.0,0.0,0.0,0.0,0.0,0.0,0.0,0.0,0.0,0.0,0.0,5.0,5.0,100.0,5.0,100.0
153,SAN MIGUEL,NORWOOD R-2J,2840.0,0.0,0.0,0.0,0.0,0.0,1.0,1.0,100.0,1.0,100.0,5.0,5.0,100.0,5.0,100.0,0.0,0.0,0.0,0.0,0.0,0.0,0.0,0.0,0.0,0.0,0.0,0.0,0.0,0.0,0.0,0.0,0.0,0.0,0.0,0.0
154,SEDGWICK,JULESBURG RE-1,2862.0,44.0,3.0,6.8,6.0,13.6,14.0,1.0,7.1,4.0,28.6,219.0,33.0,15.1,62.0,28.3,2.0,0.0,0.0,0.0,0.0,39.0,1.0,2.6,6.0,15.4,18.0,3.0,16.7,4.0,22.2,16.0,8.0,50.0,9.0,56.3
155,SEDGWICK,PLATTE VALLEY RE-3,2865.0,0.0,0.0,0.0,0.0,0.0,0.0,0.0,0.0,0.0,0.0,3.0,3.0,100.0,3.0,100.0,0.0,0.0,0.0,0.0,0.0,0.0,0.0,0.0,0.0,0.0,0.0,0.0,0.0,0.0,0.0,0.0,0.0,0.0,0.0,0.0
156,SUMMIT,SUMMIT RE-1,3000.0,27.0,17.0,63.0,17.0,63.0,45.0,27.0,60.0,28.0,62.2,74.0,50.0,67.6,53.0,71.6,2.0,2.0,100.0,2.0,100.0,2.0,0.0,0.0,0.0,0.0,2.0,0.0,0.0,0.0,0.0,33.0,33.0,100.0,33.0,100.0
157,TELLER,CRIPPLE CREEK-VICTOR RE-1,3010.0,4.0,2.0,50.0,2.0,50.0,0.0,0.0,0.0,0.0,0.0,34.0,24.0,70.6,25.0,73.5,0.0,0.0,0.0,0.0,0.0,0.0,0.0,0.0,0.0,0.0,13.0,9.0,69.2,9.0,69.2,2.0,1.0,50.0,1.0,50.0
158,TELLER,WOODLAND PARK RE-2,3020.0,15.0,13.0,86.7,14.0,93.3,3.0,2.0,66.7,2.0,66.7,61.0,47.0,77.0,53.0,86.9,0.0,0.0,0.0,0.0,0.0,0.0,0.0,0.0,0.0,0.0,1.0,0.0,0.0,1.0,100.0,10.0,10.0,100.0,10.0,100.0
159,WASHINGTON,AKRON R-1,3030.0,4.0,3.0,75.0,3.0,75.0,1.0,1.0,100.0,1.0,100.0,17.0,16.0,94.1,16.0,94.1,1.0,1.0,100.0,1.0,100.0,0.0,0.0,0.0,0.0,0.0,1.0,1.0,100.0,1.0,100.0,1.0,1.0,100.0,1.0,100.0
160,WASHINGTON,ARICKAREE R-2,3040.0,0.0,0.0,0.0,0.0,0.0,0.0,0.0,0.0,0.0,0.0,0.0,0.0,0.0,0.0,0.0,0.0,0.0,0.0,0.0,0.0,0.0,0.0,0.0,0.0,0.0,0.0,0.0,0.0,0.0,0.0,0.0,0.0,0.0,0.0,0.0
161,WASHINGTON,OTIS R-3,3050.0,0.0,0.0,0.0,0.0,0.0,0.0,0.0,0.0,0.0,0.0,6.0,6.0,100.0,6.0,100.0,0.0,0.0,0.0,0.0,0.0,0.0,0.0,0.0,0.0,0.0,0.0,0.0,0.0,0.0,0.0,6.0,6.0,100.0,6.0,100.0
162,WASHINGTON,LONE STAR 101,3060.0,3.0,1.0,33.3,1.0,33.3,0.0,0.0,0.0,0.0,0.0,6.0,5.0,83.3,5.0,83.3,0.0,0.0,0.0,0.0,0.0,1.0,1.0,100.0,1.0,100.0,0.0,0.0,0.0,0.0,0.0,0.0,0.0,0.0,0.0,0.0
163,WASHINGTON,WOODLIN R-104,3070.0,0.0,0.0,0.0,0.0,0.0,1.0,1.0,100.0,1.0,100.0,3.0,3.0,100.0,3.0,100.0,0.0,0.0,0.0,0.0,0.0,6.0,6.0,100.0,6.0,100.0,0.0,0.0,0.0,0.0,0.0,1.0,1.0,100.0,1.0,100.0
164,WELD,WELD COUNTY RE-1,3080.0,14.0,10.0,71.4,11.0,78.6,15.0,9.0,60.0,9.0,60.0,54.0,38.0,70.4,40.0,74.1,4.0,2.0,50.0,2.0,50.0,0.0,0.0,0.0,0.0,0.0,0.0,0.0,0.0,0.0,0.0,11.0,11.0,100.0,11.0,100.0
165,WELD,EATON RE-2,3085.0,2.0,1.0,50.0,1.0,50.0,3.0,2.0,66.7,2.0,66.7,26.0,21.0,80.8,22.0,84.6,0.0,0.0,0.0,0.0,0.0,0.0,0.0,0.0,0.0,0.0,2.0,2.0,100.0,2.0,100.0,13.0,13.0,100.0,13.0,100.0
166,WELD,KEENESBURG RE-3(J),3090.0,12.0,9.0,75.0,9.0,75.0,20.0,19.0,95.0,19.0,95.0,65.0,59.0,90.8,59.0,90.8,5.0,5.0,100.0,5.0,100.0,1.0,0.0,0.0,0.0,0.0,5.0,4.0,80.0,4.0,80.0,8.0,8.0,100.0,8.0,100.0
167,WELD,WINDSOR RE-4,3100.0,23.0,15.0,65.2,15.0,65.2,4.0,2.0,50.0,2.0,50.0,57.0,45.0,78.9,47.0,82.5,0.0,0.0,0.0,0.0,0.0,0.0,0.0,0.0,0.0,0.0,5.0,2.0,40.0,2.0,40.0,34.0,33.0,97.1,34.0,100.0
168,WELD,JOHNSTOWN-MILLIKEN RE-5J,3110.0,8.0,7.0,87.5,7.0,87.5,15.0,10.0,66.7,11.0,73.3,69.0,43.0,62.3,50.0,72.5,2.0,1.0,50.0,1.0,50.0,1.0,1.0,100.0,1.0,100.0,1.0,1.0,100.0,1.0,100.0,5.0,5.0,100.0,5.0,100.0
169,WELD,GREELEY 6,3120.0,148.0,93.0,62.8,97.0,65.5,201.0,149.0,74.1,150.0,74.6,794.0,571.0,71.9,600.0,75.6,43.0,34.0,79.1,34.0,79.1,85.0,47.0,55.3,48.0,56.5,76.0,47.0,61.8,50.0,65.8,146.0,140.0,95.9,143.0,97.9
170,WELD,PLATTE VALLEY RE-7,3130.0,6.0,5.0,83.3,5.0,83.3,6.0,5.0,83.3,5.0,83.3,48.0,40.0,83.3,41.0,85.4,3.0,2.0,66.7,2.0,66.7,0.0,0.0,0.0,0.0,0.0,4.0,2.0,50.0,3.0,75.0,5.0,5.0,100.0,5.0,100.0
171,WELD,WELD COUNTY S/D RE-8,3140.0,18.0,8.0,44.4,9.0,50.0,53.0,43.0,81.1,44.0,83.0,104.0,76.0,73.1,82.0,78.8,15.0,10.0,66.7,12.0,80.0,3.0,0.0,0.0,0.0,0.0,7.0,4.0,57.1,4.0,57.1,3.0,3.0,100.0,3.0,100.0
172,WELD,AULT-HIGHLAND RE-9,3145.0,7.0,7.0,100.0,7.0,100.0,7.0,7.0,100.0,7.0,100.0,37.0,35.0,94.6,37.0,100.0,1.0,1.0,100.0,1.0,100.0,0.0,0.0,0.0,0.0,0.0,5.0,5.0,100.0,5.0,100.0,4.0,4.0,100.0,4.0,100.0
173,WELD,BRIGGSDALE RE-10,3146.0,1.0,1.0,100.0,1.0,100.0,0.0,0.0,0.0,0.0,0.0,8.0,8.0,100.0,8.0,100.0,0.0,0.0,0.0,0.0,0.0,0.0,0.0,0.0,0.0,0.0,0.0,0.0,0.0,0.0,0.0,0.0,0.0,0.0,0.0,0.0
174,WELD,PRAIRIE RE-11,3147.0,1.0,1.0,100.0,1.0,100.0,0.0,0.0,0.0,0.0,0.0,6.0,6.0,100.0,6.0,100.0,0.0,0.0,0.0,0.0,0.0,0.0,0.0,0.0,0.0,0.0,0.0,0.0,0.0,0.0,0.0,2.0,2.0,100.0,2.0,100.0
175,WELD,PAWNEE RE-12,3148.0,0.0,0.0,0.0,0.0,0.0,0.0,0.0,0.0,0.0,0.0,2.0,2.0,100.0,2.0,100.0,0.0,0.0,0.0,0.0,0.0,9.0,9.0,100.0,9.0,100.0,0.0,0.0,0.0,0.0,0.0,1.0,1.0,100.0,1.0,100.0
176,YUMA,YUMA 1,3200.0,1.0,0.0,0.0,0.0,0.0,15.0,12.0,80.0,12.0,80.0,30.0,25.0,83.3,26.0,86.7,2.0,1.0,50.0,1.0,50.0,11.0,8.0,72.7,8.0,72.7,4.0,1.0,25.0,1.0,25.0,5.0,5.0,100.0,5.0,100.0
177,YUMA,WRAY RD-2,3210.0,6.0,5.0,83.3,5.0,83.3,4.0,3.0,75.0,3.0,75.0,19.0,16.0,84.2,16.0,84.2,0.0,0.0,0.0,0.0,0.0,0.0,0.0,0.0,0.0,0.0,0.0,0.0,0.0,0.0,0.0,4.0,4.0,100.0,4.0,100.0
178,YUMA,IDALIA RJ-3,3220.0,1.0,1.0,100.0,1.0,100.0,0.0,0.0,0.0,0.0,0.0,8.0,8.0,100.0,8.0,100.0,0.0,0.0,0.0,0.0,0.0,0.0,0.0,0.0,0.0,0.0,0.0,0.0,0.0,0.0,0.0,1.0,1.0,100.0,1.0,100.0
179,YUMA,LIBERTY J-4,3230.0,1.0,1.0,100.0,1.0,100.0,0.0,0.0,0.0,0.0,0.0,3.0,3.0,100.0,3.0,100.0,0.0,0.0,0.0,0.0,0.0,0.0,0.0,0.0,0.0,0.0,0.0,0.0,0.0,0.0,0.0,1.0,1.0,100.0,1.0,100.0
180,DENVER,CHARTER SCHOOL INSTITUTE,8001.0,111.0,16.0,14.4,17.0,15.3,141.0,31.0,22.0,34.0,24.1,760.0,166.0,21.8,185.0,24.3,10.0,3.0,30.0,3.0,30.0,747.0,176.0,23.6,195.0,26.1,121.0,11.0,9.1,11.0,9.1,47.0,23.0,48.9,27.0,57.4
181,COLORADO BOCS,MOUNTAIN BOCES,9030.0,19.0,14.0,73.7,16.0,84.2,17.0,10.0,58.8,12.0,70.6,56.0,35.0,62.5,43.0,76.8,1.0,1.0,100.0,1.0,100.0,1.0,1.0,100.0,1.0,100.0,14.0,9.0,64.3,10.0,71.4,2.0,1.0,50.0,1.0,50.0
182,COLORADO BOCS,CENTENNIAL BOCES,9035.0,6.0,1.0,16.7,1.0,16.7,4.0,1.0,25.0,2.0,50.0,14.0,5.0,35.7,6.0,42.9,0.0,0.0,0.0,0.0,0.0,0.0,0.0,0.0,0.0,0.0,1.0,0.0,0.0,0.0,0.0,0.0,0.0,0.0,0.0,0.0
183,COLORADO BOCS,SAN JUAN BOCES,9050.0,1.0,0.0,0.0,0.0,0.0,1.0,1.0,100.0,1.0,100.0,4.0,1.0,25.0,3.0,75.0,0.0,0.0,0.0,0.0,0.0,0.0,0.0,0.0,0.0,0.0,0.0,0.0,0.0,0.0,0.0,1.0,0.0,0.0,1.0,100.0
184,COLORADO BOCS,EXPEDITIONARY BOCES,9130.0,2.0,2.0,100.0,2.0,100.0,0.0,0.0,0.0,0.0,0.0,3.0,3.0,100.0,3.0,100.0,0.0,0.0,0.0,0.0,0.0,0.0,0.0,0.0,0.0,0.0,0.0,0.0,0.0,0.0,0.0,0.0,0.0,0.0,0.0,0.0
185,STATE TOTAL,STATE TOTAL,9999.0,5775.0,3099.0,53.7,3222.0,55.8,6171.0,3289.0,53.3,3364.0,54.5,25718.0,15791.0,61.4,16726.0,65.0,384.0,214.0,55.7,223.0,58.1,7398.0,3853.0,52.1,4129.0,55.8,2394.0,1175.0,49.1,1262.0,52.7,6604.0,6048.0,91.6,6156.0,93.2
186,STATE TOTAL,STATE TOTAL,9999.0,5775.0,3099.0,53.7,3222.0,55.8,6171.0,3289.0,53.3,3364.0,54.5,25718.0,15791.0,61.4,16726.0,65.0,384.0,214.0,55.7,223.0,58.1,7398.0,3853.0,52.1,4129.0,55.8,2394.0,1175.0,49.1,1262.0,52.7,6604.0,6048.0,91.6,6156.0,93.2
